Consumption (kwh), Estimated Cost Inc. Tax (p) if applicable, Standing Charge Inc. Tax (p) if applicable, Start, End
3.512000000000000000, 24.23269, 1.31705, 2026-09-29T00:00:00+01:00, 2026-09-29T00:30:00+01:00
3.687000000000000000, 25.44019, 1.31705, 2026-09-29T00:30:00+01:00, 2026-09-29T01:00:00+01:00
3.589000000000000000, 24.764000000000003, 1.31705, 2026-09-29T01:00:00+01:00, 2026-09-29T01:30:00+01:00
3.425000000000000000, 23.6324, 1.31705, 2026-09-29T01:30:00+01:00, 2026-09-29T02:00:00+01:00
3.390000000000000000, 23.3909, 1.31705, 2026-09-29T02:00:00+01:00, 2026-09-29T02:30:00+01:00
3.756000000000000000, 25.91629, 1.31705, 2026-09-29T02:30:00+01:00, 2026-09-29T03:00:00+01:00
3.490000000000000000, 24.0809, 1.31705, 2026-09-29T03:00:00+01:00, 2026-09-29T03:30:00+01:00
2.789000000000000000, 19.24402, 1.31705, 2026-09-29T03:30:00+01:00, 2026-09-29T04:00:00+01:00
0.049000000000000000, 0.3381, 1.31705, 2026-09-29T04:00:00+01:00, 2026-09-29T04:30:00+01:00
0.050000000000000000, 0.345, 1.31705, 2026-09-29T04:30:00+01:00, 2026-09-29T05:00:00+01:00
0.054000000000000000, 0.3726, 1.31705, 2026-09-29T05:00:00+01:00, 2026-09-29T05:30:00+01:00
0.053000000000000000, 1.52929, 1.31705, 2026-09-29T05:30:00+01:00, 2026-09-29T06:00:00+01:00
0.053000000000000000, 1.52929, 1.31705, 2026-09-29T06:00:00+01:00, 2026-09-29T06:30:00+01:00
0.139000000000000000, 4.01078, 1.31705, 2026-09-29T06:30:00+01:00, 2026-09-29T07:00:00+01:00
0.056000000000000000, 1.61585, 1.31705, 2026-09-29T07:00:00+01:00, 2026-09-29T07:30:00+01:00
0.048000000000000000, 1.38502, 1.31705, 2026-09-29T07:30:00+01:00, 2026-09-29T08:00:00+01:00
0.048000000000000000, 1.38502, 1.31705, 2026-09-29T08:00:00+01:00, 2026-09-29T08:30:00+01:00
0.042000000000000000, 1.21189, 1.31705, 2026-09-29T08:30:00+01:00, 2026-09-29T09:00:00+01:00
0.044000000000000000, 1.2696, 1.31705, 2026-09-29T09:00:00+01:00, 2026-09-29T09:30:00+01:00
0.047000000000000000, 1.35616, 1.31705, 2026-09-29T09:30:00+01:00, 2026-09-29T10:00:00+01:00
0.048000000000000000, 1.38502, 1.31705, 2026-09-29T10:00:00+01:00, 2026-09-29T10:30:00+01:00
0.045000000000000000, 1.29845, 1.31705, 2026-09-29T10:30:00+01:00, 2026-09-29T11:00:00+01:00
0.042000000000000000, 1.21189, 1.31705, 2026-09-29T11:00:00+01:00, 2026-09-29T11:30:00+01:00
0.045000000000000000, 1.29845, 1.31705, 2026-09-29T11:30:00+01:00, 2026-09-29T12:00:00+01:00
0.047000000000000000, 1.35616, 1.31705, 2026-09-29T12:00:00+01:00, 2026-09-29T12:30:00+01:00
0.047000000000000000, 1.35616, 1.31705, 2026-09-29T12:30:00+01:00, 2026-09-29T13:00:00+01:00
0.043000000000000000, 1.24074, 1.31705, 2026-09-29T13:00:00+01:00, 2026-09-29T13:30:00+01:00
0.043000000000000000, 1.24074, 1.31705, 2026-09-29T13:30:00+01:00, 2026-09-29T14:00:00+01:00
0.046000000000000000, 1.32731, 1.31705, 2026-09-29T14:00:00+01:00, 2026-09-29T14:30:00+01:00
0.047000000000000000, 1.35616, 1.31705, 2026-09-29T14:30:00+01:00, 2026-09-29T15:00:00+01:00
0.047000000000000000, 1.35616, 1.31705, 2026-09-29T15:00:00+01:00, 2026-09-29T15:30:00+01:00
0.042000000000000000, 1.21189, 1.31705, 2026-09-29T15:30:00+01:00, 2026-09-29T16:00:00+01:00
0.043000000000000000, 1.24074, 1.31705, 2026-09-29T16:00:00+01:00, 2026-09-29T16:30:00+01:00
0.047000000000000000, 1.35616, 1.31705, 2026-09-29T16:30:00+01:00, 2026-09-29T17:00:00+01:00
0.047000000000000000, 1.35616, 1.31705, 2026-09-29T17:00:00+01:00, 2026-09-29T17:30:00+01:00
0.046000000000000000, 1.32731, 1.31705, 2026-09-29T17:30:00+01:00, 2026-09-29T18:00:00+01:00
0.051000000000000000, 1.47158, 1.31705, 2026-09-29T18:00:00+01:00, 2026-09-29T18:30:00+01:00
0.042000000000000000, 1.21189, 1.31705, 2026-09-29T18:30:00+01:00, 2026-09-29T19:00:00+01:00
0.047000000000000000, 1.35616, 1.31705, 2026-09-29T19:00:00+01:00, 2026-09-29T19:30:00+01:00
0.047000000000000000, 1.35616, 1.31705, 2026-09-29T19:30:00+01:00, 2026-09-29T20:00:00+01:00
0.046000000000000000, 1.32731, 1.31705, 2026-09-29T20:00:00+01:00, 2026-09-29T20:30:00+01:00
0.042000000000000000, 1.21189, 1.31705, 2026-09-29T20:30:00+01:00, 2026-09-29T21:00:00+01:00
0.043000000000000000, 1.24074, 1.31705, 2026-09-29T21:00:00+01:00, 2026-09-29T21:30:00+01:00
0.047000000000000000, 1.35616, 1.31705, 2026-09-29T21:30:00+01:00, 2026-09-29T22:00:00+01:00
0.046000000000000000, 1.32731, 1.31705, 2026-09-29T22:00:00+01:00, 2026-09-29T22:30:00+01:00
0.045000000000000000, 1.29845, 1.31705, 2026-09-29T22:30:00+01:00, 2026-09-29T23:00:00+01:00
0.042000000000000000, 1.21189, 1.31705, 2026-09-29T23:00:00+01:00, 2026-09-29T23:30:00+01:00
0.043000000000000000, 0.2967, 1.31705, 2026-09-29T23:30:00+01:00, 2026-09-30T00:00:00+01:00
0.048000000000000000, 0.3312, 1.31705, 2026-09-30T00:00:00+01:00, 2026-09-30T00:30:00+01:00
0.047000000000000000, 0.3243, 1.31705, 2026-09-30T00:30:00+01:00, 2026-09-30T01:00:00+01:00
0.046000000000000000, 0.3174, 1.31705, 2026-09-30T01:00:00+01:00, 2026-09-30T01:30:00+01:00
0.043000000000000000, 0.2967, 1.31705, 2026-09-30T01:30:00+01:00, 2026-09-30T02:00:00+01:00
0.044000000000000000, 0.3036, 1.31705, 2026-09-30T02:00:00+01:00, 2026-09-30T02:30:00+01:00
0.048000000000000000, 0.3312, 1.31705, 2026-09-30T02:30:00+01:00, 2026-09-30T03:00:00+01:00
0.047000000000000000, 0.3243, 1.31705, 2026-09-30T03:00:00+01:00, 2026-09-30T03:30:00+01:00
1.613000000000000000, 11.129660000000001, 1.31705, 2026-09-30T03:30:00+01:00, 2026-09-30T04:00:00+01:00
0.042000000000000000, 0.2898, 1.31705, 2026-09-30T04:00:00+01:00, 2026-09-30T04:30:00+01:00
0.045000000000000000, 0.3105, 1.31705, 2026-09-30T04:30:00+01:00, 2026-09-30T05:00:00+01:00
0.055000000000000000, 0.3795, 1.31705, 2026-09-30T05:00:00+01:00, 2026-09-30T05:30:00+01:00
0.049000000000000000, 1.41387, 1.31705, 2026-09-30T05:30:00+01:00, 2026-09-30T06:00:00+01:00
0.045000000000000000, 1.29845, 1.31705, 2026-09-30T06:00:00+01:00, 2026-09-30T06:30:00+01:00
0.042000000000000000, 1.21189, 1.31705, 2026-09-30T06:30:00+01:00, 2026-09-30T07:00:00+01:00
0.046000000000000000, 1.32731, 1.31705, 2026-09-30T07:00:00+01:00, 2026-09-30T07:30:00+01:00
0.353000000000000000, 10.18565, 1.31705, 2026-09-30T07:30:00+01:00, 2026-09-30T08:00:00+01:00
0.103000000000000000, 2.97202, 1.31705, 2026-09-30T08:00:00+01:00, 2026-09-30T08:30:00+01:00
0.044000000000000000, 1.2696, 1.31705, 2026-09-30T08:30:00+01:00, 2026-09-30T09:00:00+01:00
0.042000000000000000, 1.21189, 1.31705, 2026-09-30T09:00:00+01:00, 2026-09-30T09:30:00+01:00
0.045000000000000000, 1.29845, 1.31705, 2026-09-30T09:30:00+01:00, 2026-09-30T10:00:00+01:00
0.047000000000000000, 1.35616, 1.31705, 2026-09-30T10:00:00+01:00, 2026-09-30T10:30:00+01:00
0.047000000000000000, 1.35616, 1.31705, 2026-09-30T10:30:00+01:00, 2026-09-30T11:00:00+01:00
0.043000000000000000, 1.24074, 1.31705, 2026-09-30T11:00:00+01:00, 2026-09-30T11:30:00+01:00
0.220000000000000000, 6.348, 1.31705, 2026-09-30T11:30:00+01:00, 2026-09-30T12:00:00+01:00
0.264000000000000000, 7.61759, 1.31705, 2026-09-30T12:00:00+01:00, 2026-09-30T12:30:00+01:00
0.048000000000000000, 1.38502, 1.31705, 2026-09-30T12:30:00+01:00, 2026-09-30T13:00:00+01:00
0.047000000000000000, 1.35616, 1.31705, 2026-09-30T13:00:00+01:00, 2026-09-30T13:30:00+01:00
0.043000000000000000, 1.24074, 1.31705, 2026-09-30T13:30:00+01:00, 2026-09-30T14:00:00+01:00
0.043000000000000000, 1.24074, 1.31705, 2026-09-30T14:00:00+01:00, 2026-09-30T14:30:00+01:00
0.046000000000000000, 1.32731, 1.31705, 2026-09-30T14:30:00+01:00, 2026-09-30T15:00:00+01:00
0.048000000000000000, 1.38502, 1.31705, 2026-09-30T15:00:00+01:00, 2026-09-30T15:30:00+01:00
0.047000000000000000, 1.35616, 1.31705, 2026-09-30T15:30:00+01:00, 2026-09-30T16:00:00+01:00
0.158000000000000000, 4.55901, 1.31705, 2026-09-30T16:00:00+01:00, 2026-09-30T16:30:00+01:00
0.325000000000000000, 9.37772, 1.31705, 2026-09-30T16:30:00+01:00, 2026-09-30T17:00:00+01:00
0.069000000000000000, 1.99096, 1.31705, 2026-09-30T17:00:00+01:00, 2026-09-30T17:30:00+01:00
0.089000000000000000, 2.56805, 1.31705, 2026-09-30T17:30:00+01:00, 2026-09-30T18:00:00+01:00
0.108000000000000000, 3.11629, 1.31705, 2026-09-30T18:00:00+01:00, 2026-09-30T18:30:00+01:00
0.066000000000000000, 1.9044, 1.31705, 2026-09-30T18:30:00+01:00, 2026-09-30T19:00:00+01:00
0.063000000000000000, 1.81784, 1.31705, 2026-09-30T19:00:00+01:00, 2026-09-30T19:30:00+01:00
0.055000000000000000, 1.587, 1.31705, 2026-09-30T19:30:00+01:00, 2026-09-30T20:00:00+01:00
0.328000000000000000, 9.46428, 1.31705, 2026-09-30T20:00:00+01:00, 2026-09-30T20:30:00+01:00
0.403000000000000000, 11.62837, 1.31705, 2026-09-30T20:30:00+01:00, 2026-09-30T21:00:00+01:00
0.565000000000000000, 16.30281, 1.31705, 2026-09-30T21:00:00+01:00, 2026-09-30T21:30:00+01:00
0.383000000000000000, 11.05128, 1.31705, 2026-09-30T21:30:00+01:00, 2026-09-30T22:00:00+01:00
0.131000000000000000, 3.77994, 1.31705, 2026-09-30T22:00:00+01:00, 2026-09-30T22:30:00+01:00
0.078000000000000000, 2.25065, 1.31705, 2026-09-30T22:30:00+01:00, 2026-09-30T23:00:00+01:00
0.070000000000000000, 2.01982, 1.31705, 2026-09-30T23:00:00+01:00, 2026-09-30T23:30:00+01:00
0.048000000000000000, 0.3312, 1.31705, 2026-09-30T23:30:00+01:00, 2026-10-01T00:00:00+01:00
0.047000000000000000, 0.3243, 1.31705, 2026-10-01T00:00:00+01:00, 2026-10-01T00:30:00+01:00
0.051000000000000000, 0.3519, 1.31705, 2026-10-01T00:30:00+01:00, 2026-10-01T01:00:00+01:00
0.049000000000000000, 0.3381, 1.31705, 2026-10-01T01:00:00+01:00, 2026-10-01T01:30:00+01:00
0.044000000000000000, 0.3036, 1.31705, 2026-10-01T01:30:00+01:00, 2026-10-01T02:00:00+01:00
0.049000000000000000, 0.3381, 1.31705, 2026-10-01T02:00:00+01:00, 2026-10-01T02:30:00+01:00
0.054000000000000000, 0.3726, 1.31705, 2026-10-01T02:30:00+01:00, 2026-10-01T03:00:00+01:00
0.050000000000000000, 0.345, 1.31705, 2026-10-01T03:00:00+01:00, 2026-10-01T03:30:00+01:00
0.045000000000000000, 0.3105, 1.31705, 2026-10-01T03:30:00+01:00, 2026-10-01T04:00:00+01:00
0.054000000000000000, 0.3726, 1.31705, 2026-10-01T04:00:00+01:00, 2026-10-01T04:30:00+01:00
0.053000000000000000, 0.3657, 1.31705, 2026-10-01T04:30:00+01:00, 2026-10-01T05:00:00+01:00
0.043000000000000000, 0.2967, 1.31705, 2026-10-01T05:00:00+01:00, 2026-10-01T05:30:00+01:00
0.044000000000000000, 1.2696, 1.31705, 2026-10-01T05:30:00+01:00, 2026-10-01T06:00:00+01:00
0.059000000000000000, 1.70242, 1.31705, 2026-10-01T06:00:00+01:00, 2026-10-01T06:30:00+01:00
0.112000000000000000, 3.23171, 1.31705, 2026-10-01T06:30:00+01:00, 2026-10-01T07:00:00+01:00
0.045000000000000000, 1.29845, 1.31705, 2026-10-01T07:00:00+01:00, 2026-10-01T07:30:00+01:00
0.125000000000000000, 3.60682, 1.31705, 2026-10-01T07:30:00+01:00, 2026-10-01T08:00:00+01:00
0.079000000000000000, 2.27951, 1.31705, 2026-10-01T08:00:00+01:00, 2026-10-01T08:30:00+01:00
0.067000000000000000, 1.93325, 1.31705, 2026-10-01T08:30:00+01:00, 2026-10-01T09:00:00+01:00
0.061000000000000000, 1.76013, 1.31705, 2026-10-01T09:00:00+01:00, 2026-10-01T09:30:00+01:00
0.060000000000000000, 1.73127, 1.31705, 2026-10-01T09:30:00+01:00, 2026-10-01T10:00:00+01:00
0.123000000000000000, 3.54911, 1.31705, 2026-10-01T10:00:00+01:00, 2026-10-01T10:30:00+01:00
0.076000000000000000, 2.19294, 1.31705, 2026-10-01T10:30:00+01:00, 2026-10-01T11:00:00+01:00
0.071000000000000000, 2.04867, 1.31705, 2026-10-01T11:00:00+01:00, 2026-10-01T11:30:00+01:00
0.052000000000000000, 1.50044, 1.31705, 2026-10-01T11:30:00+01:00, 2026-10-01T12:00:00+01:00
0.044000000000000000, 1.2696, 1.31705, 2026-10-01T12:00:00+01:00, 2026-10-01T12:30:00+01:00
0.067000000000000000, 1.93325, 1.31705, 2026-10-01T12:30:00+01:00, 2026-10-01T13:00:00+01:00
0.130000000000000000, 3.75109, 1.31705, 2026-10-01T13:00:00+01:00, 2026-10-01T13:30:00+01:00
0.054000000000000000, 1.55814, 1.31705, 2026-10-01T13:30:00+01:00, 2026-10-01T14:00:00+01:00
0.059000000000000000, 1.70242, 1.31705, 2026-10-01T14:00:00+01:00, 2026-10-01T14:30:00+01:00
0.080000000000000000, 2.30836, 1.31705, 2026-10-01T14:30:00+01:00, 2026-10-01T15:00:00+01:00
0.062000000000000000, 1.78898, 1.31705, 2026-10-01T15:00:00+01:00, 2026-10-01T15:30:00+01:00
0.049000000000000000, 1.41387, 1.31705, 2026-10-01T15:30:00+01:00, 2026-10-01T16:00:00+01:00
0.064000000000000000, 1.84669, 1.31705, 2026-10-01T16:00:00+01:00, 2026-10-01T16:30:00+01:00
0.049000000000000000, 1.41387, 1.31705, 2026-10-01T16:30:00+01:00, 2026-10-01T17:00:00+01:00
0.050000000000000000, 1.44273, 1.31705, 2026-10-01T17:00:00+01:00, 2026-10-01T17:30:00+01:00
0.050000000000000000, 1.44273, 1.31705, 2026-10-01T17:30:00+01:00, 2026-10-01T18:00:00+01:00
0.092000000000000000, 2.65462, 1.31705, 2026-10-01T18:00:00+01:00, 2026-10-01T18:30:00+01:00
0.288000000000000000, 8.3101, 1.31705, 2026-10-01T18:30:00+01:00, 2026-10-01T19:00:00+01:00
0.098000000000000000, 2.82774, 1.31705, 2026-10-01T19:00:00+01:00, 2026-10-01T19:30:00+01:00
0.675000000000000000, 19.4768, 1.31705, 2026-10-01T19:30:00+01:00, 2026-10-01T20:00:00+01:00
0.550000000000000000, 15.86999, 1.31705, 2026-10-01T20:00:00+01:00, 2026-10-01T20:30:00+01:00
0.150000000000000000, 4.32818, 1.31705, 2026-10-01T20:30:00+01:00, 2026-10-01T21:00:00+01:00
0.162000000000000000, 4.67443, 1.31705, 2026-10-01T21:00:00+01:00, 2026-10-01T21:30:00+01:00
0.114000000000000000, 3.28942, 1.31705, 2026-10-01T21:30:00+01:00, 2026-10-01T22:00:00+01:00
0.110000000000000000, 3.174, 1.31705, 2026-10-01T22:00:00+01:00, 2026-10-01T22:30:00+01:00
0.091000000000000000, 2.62576, 1.31705, 2026-10-01T22:30:00+01:00, 2026-10-01T23:00:00+01:00
0.061000000000000000, 1.76013, 1.31705, 2026-10-01T23:00:00+01:00, 2026-10-01T23:30:00+01:00
0.053000000000000000, 0.3655, 1.31631, 2026-10-01T23:30:00+01:00, 2026-10-01T23:59:59.999000+01:00
